date,hijri,day_name,imsak,subuh,syuruk,zuhur,asar,maghrib,isyak
2026-01-01,11-Rej-1447,Khamis,05:44,05:54,07:08,13:11,16:35,19:11,20:25
2026-01-02,12-Rej-1447,Jumaat,05:45,05:55,07:08,13:11,16:35,19:11,20:26
2026-01-03,13-Rej-1447,Sabtu,05:45,05:55,07:09,13:12,16:36,19:12,20:26
2026-01-04,14-Rej-1447,Ahad,05:46,05:56,07:09,13:12,16:36,19:12,20:27
2026-01-05,15-Rej-1447,Isnin,05:46,05:56,07:10,13:13,16:36,19:12,20:27
2026-01-06,16-Rej-1447,Selasa,05:47,05:57,07:10,13:13,16:37,19:13,20:27
2026-01-07,17-Rej-1447,Rabu,05:47,05:57,07:11,13:14,16:37,19:13,20:28
2026-01-08,18-Rej-1447,Khamis,05:48,05:58,07:11,13:14,16:38,19:14,20:28
2026-01-09,19-Rej-1447,Jumaat,05:48,05:58,07:11,13:14,16:38,19:14,20:28
2026-01-10,20-Rej-1447,Sabtu,05:49,05:59,07:12,13:15,16:38,19:15,20:29
2026-01-11,21-Rej-1447,Ahad,05:49,05:59,07:12,13:15,16:39,19:15,20:29
2026-01-12,22-Rej-1447,Isnin,05:50,06:00,07:13,13:16,16:39,19:15,20:29
2026-01-13,23-Rej-1447,Selasa,05:50,06:00,07:13,13:16,16:39,19:16,20:30
2026-01-14,24-Rej-1447,Rabu,05:50,06:00,07:13,13:16,16:40,19:16,20:30
2026-01-15,25-Rej-1447,Khamis,05:51,06:01,07:14,13:17,16:40,19:17,20:30
2026-01-16,26-Rej-1447,Jumaat,05:51,06:01,07:14,13:17,16:40,19:17,20:31
2026-01-17,27-Rej-1447,Sabtu,05:52,06:02,07:14,13:17,16:41,19:17,20:31
2026-01-18,28-Rej-1447,Ahad,05:52,06:02,07:15,13:18,16:41,19:18,20:31
2026-01-19,29-Rej-1447,Isnin,05:53,06:03,07:15,13:18,16:41,19:18,20:31
2026-01-20,01-Syb-1447,Selasa,05:53,06:03,07:15,13:18,16:41,19:18,20:32
2026-01-21,02-Syb-1447,Rabu,05:53,06:03,07:15,13:19,16:41,19:19,20:32
2026-01-22,03-Syb-1447,Khamis,05:54,06:04,07:16,13:19,16:42,19:19,20:32
2026-01-23,04-Syb-1447,Jumaat,05:54,06:04,07:16,13:19,16:42,19:19,20:32
2026-01-24,05-Syb-1447,Sabtu,05:54,06:04,07:16,13:19,16:42,19:20,20:32
2026-01-25,06-Syb-1447,Ahad,05:55,06:05,07:16,13:20,16:42,19:20,20:32
2026-01-26,07-Syb-1447,Isnin,05:55,06:05,07:17,13:20,16:42,19:20,20:33
2026-01-27,08-Syb-1447,Selasa,05:55,06:05,07:17,13:20,16:42,19:20,20:33
2026-01-28,09-Syb-1447,Rabu,05:56,06:06,07:17,13:20,16:42,19:21,20:33
2026-01-29,10-Syb-1447,Khamis,05:56,06:06,07:17,13:20,16:42,19:21,20:33
2026-01-30,11-Syb-1447,Jumaat,05:56,06:06,07:17,13:21,16:42,19:21,20:33
2026-01-31,12-Syb-1447,Sabtu,05:56,06:06,07:17,13:21,16:42,19:21,20:33
2026-02-01,13-Syb-1447,Ahad,05:57,06:07,07:17,13:21,16:42,19:21,20:33
2026-02-02,14-Syb-1447,Isnin,05:57,06:07,07:18,13:21,16:42,19:21,20:33
2026-02-03,15-Syb-1447,Selasa,05:57,06:07,07:18,13:21,16:42,19:22,20:33
2026-02-04,16-Syb-1447,Rabu,05:57,06:07,07:18,13:21,16:42,19:22,20:33
2026-02-05,17-Syb-1447,Khamis,05:57,06:07,07:18,13:21,16:42,19:22,20:33
2026-02-06,18-Syb-1447,Jumaat,05:57,06:07,07:18,13:21,16:42,19:22,20:33
2026-02-07,19-Syb-1447,Sabtu,05:58,06:08,07:18,13:22,16:42,19:22,20:33
2026-02-08,20-Syb-1447,Ahad,05:58,06:08,07:18,13:22,16:42,19:22,20:33
2026-02-09,21-Syb-1447,Isnin,05:58,06:08,07:18,13:22,16:41,19:22,20:33
2026-02-10,22-Syb-1447,Selasa,05:58,06:08,07:18,13:22,16:41,19:22,20:33
2026-02-11,23-Syb-1447,Rabu,05:58,06:08,07:18,13:22,16:41,19:22,20:33
2026-02-12,24-Syb-1447,Khamis,05:58,06:08,07:18,13:22,16:41,19:22,20:33
2026-02-13,25-Syb-1447,Jumaat,05:58,06:08,07:18,13:22,16:40,19:22,20:33
2026-02-14,26-Syb-1447,Sabtu,05:58,06:08,07:18,13:22,16:40,19:22,20:33
2026-02-15,27-Syb-1447,Ahad,05:58,06:08,07:18,13:22,16:40,19:22,20:33
2026-02-16,28-Syb-1447,Isnin,05:58,06:08,07:18,13:21,16:40,19:22,20:33
2026-02-17,29-Syb-1447,Selasa,05:58,06:08,07:17,13:21,16:39,19:22,20:32
2026-02-18,30-Syb-1447,Rabu,05:58,06:08,07:17,13:21,16:39,19:22,20:32
2026-02-19,01-Ram-1447,Khamis,05:58,06:08,07:17,13:21,16:38,19:22,20:32
2026-02-20,02-Ram-1447,Jumaat,05:58,06:08,07:17,13:21,16:38,19:22,20:32
2026-02-21,03-Ram-1447,Sabtu,05:58,06:08,07:17,13:21,16:37,19:22,20:32
2026-02-22,04-Ram-1447,Ahad,05:58,06:08,07:17,13:21,16:37,19:22,20:32
2026-02-23,05-Ram-1447,Isnin,05:58,06:08,07:17,13:21,16:37,19:22,20:32
2026-02-24,06-Ram-1447,Selasa,05:58,06:08,07:16,13:21,16:36,19:22,20:31
2026-02-25,07-Ram-1447,Rabu,05:58,06:08,07:16,13:20,16:35,19:22,20:31
2026-02-26,08-Ram-1447,Khamis,05:58,06:08,07:16,13:20,16:35,19:22,20:31
2026-02-27,09-Ram-1447,Jumaat,05:57,06:07,07:16,13:20,16:34,19:21,20:31
2026-02-28,10-Ram-1447,Sabtu,05:57,06:07,07:16,13:20,16:34,19:21,20:31
2026-03-01,11-Ram-1447,Ahad,05:57,06:07,07:15,13:20,16:33,19:21,20:30
2026-03-02,12-Ram-1447,Isnin,05:57,06:07,07:15,13:20,16:32,19:21,20:30
2026-03-03,13-Ram-1447,Selasa,05:57,06:07,07:15,13:19,16:32,19:21,20:30
2026-03-04,14-Ram-1447,Rabu,05:56,06:06,07:15,13:19,16:31,19:21,20:30
2026-03-05,15-Ram-1447,Khamis,05:56,06:06,07:14,13:19,16:30,19:20,20:29
2026-03-06,16-Ram-1447,Jumaat,05:56,06:06,07:14,13:19,16:30,19:20,20:29
2026-03-07,17-Ram-1447,Sabtu,05:56,06:06,07:14,13:18,16:29,19:20,20:29
2026-03-08,18-Ram-1447,Ahad,05:56,06:06,07:13,13:18,16:28,19:20,20:29
2026-03-09,19-Ram-1447,Isnin,05:55,06:05,07:13,13:18,16:27,19:20,20:29
2026-03-10,20-Ram-1447,Selasa,05:55,06:05,07:13,13:18,16:27,19:19,20:28
2026-03-11,21-Ram-1447,Rabu,05:55,06:05,07:13,13:17,16:26,19:19,20:28
2026-03-12,22-Ram-1447,Khamis,05:54,06:04,07:12,13:17,16:25,19:19,20:28
2026-03-13,23-Ram-1447,Jumaat,05:54,06:04,07:12,13:17,16:24,19:19,20:28
2026-03-14,24-Ram-1447,Sabtu,05:54,06:04,07:12,13:17,16:23,19:19,20:27
2026-03-15,25-Ram-1447,Ahad,05:54,06:04,07:11,13:16,16:22,19:18,20:27
2026-03-16,26-Ram-1447,Isnin,05:53,06:03,07:11,13:16,16:21,19:18,20:27
2026-03-17,27-Ram-1447,Selasa,05:53,06:03,07:11,13:16,16:20,19:18,20:27
2026-03-18,28-Ram-1447,Rabu,05:53,06:03,07:10,13:16,16:20,19:18,20:26
2026-03-19,29-Ram-1447,Khamis,05:52,06:02,07:10,13:15,16:19,19:17,20:26
2026-03-20,30-Ram-1447,Jumaat,05:52,06:02,07:10,13:15,16:18,19:17,20:26
2026-03-21,01-Syw-1447,Sabtu,05:52,06:02,07:09,13:15,16:17,19:17,20:26
2026-03-22,02-Syw-1447,Ahad,05:51,06:01,07:09,13:15,16:16,19:17,20:25
2026-03-23,03-Syw-1447,Isnin,05:51,06:01,07:09,13:14,16:15,19:16,20:25
2026-03-24,04-Syw-1447,Selasa,05:51,06:01,07:08,13:14,16:13,19:16,20:25
2026-03-25,05-Syw-1447,Rabu,05:50,06:00,07:08,13:14,16:12,19:16,20:25
2026-03-26,06-Syw-1447,Khamis,05:50,06:00,07:08,13:13,16:13,19:16,20:24
2026-03-27,07-Syw-1447,Jumaat,05:49,05:59,07:07,13:13,16:13,19:15,20:24
2026-03-28,08-Syw-1447,Sabtu,05:49,05:59,07:07,13:13,16:14,19:15,20:24
2026-03-29,09-Syw-1447,Ahad,05:49,05:59,07:07,13:13,16:14,19:15,20:24
2026-03-30,10-Syw-1447,Isnin,05:48,05:58,07:06,13:12,16:15,19:15,20:23
2026-03-31,11-Syw-1447,Selasa,05:48,05:58,07:06,13:12,16:15,19:14,20:23
2026-04-01,12-Syw-1447,Rabu,05:48,05:58,07:05,13:12,16:16,19:14,20:23
2026-04-02,13-Syw-1447,Khamis,05:47,05:57,07:05,13:11,16:16,19:14,20:23
2026-04-03,14-Syw-1447,Jumaat,05:47,05:57,07:05,13:11,16:16,19:14,20:23
2026-04-04,15-Syw-1447,Sabtu,05:46,05:56,07:04,13:11,16:17,19:13,20:22
2026-04-05,16-Syw-1447,Ahad,05:46,05:56,07:04,13:10,16:17,19:13,20:22
2026-04-06,17-Syw-1447,Isnin,05:46,05:56,07:04,13:10,16:17,19:13,20:22
2026-04-07,18-Syw-1447,Selasa,05:45,05:55,07:03,13:10,16:18,19:13,20:22
2026-04-08,19-Syw-1447,Rabu,05:45,05:55,07:03,13:10,16:18,19:12,20:22
2026-04-09,20-Syw-1447,Khamis,05:44,05:54,07:03,13:09,16:18,19:12,20:22
2026-04-10,21-Syw-1447,Jumaat,05:44,05:54,07:02,13:09,16:19,19:12,20:21
2026-04-11,22-Syw-1447,Sabtu,05:44,05:54,07:02,13:09,16:19,19:12,20:21
2026-04-12,23-Syw-1447,Ahad,05:43,05:53,07:02,13:09,16:19,19:12,20:21
2026-04-13,24-Syw-1447,Isnin,05:43,05:53,07:02,13:08,16:19,19:11,20:21
2026-04-14,25-Syw-1447,Selasa,05:43,05:53,07:01,13:08,16:20,19:11,20:21
2026-04-15,26-Syw-1447,Rabu,05:42,05:52,07:01,13:08,16:20,19:11,20:21
2026-04-16,27-Syw-1447,Khamis,05:42,05:52,07:01,13:08,16:20,19:11,20:21
2026-04-17,28-Syw-1447,Jumaat,05:41,05:51,07:00,13:07,16:20,19:11,20:21
2026-04-18,29-Syw-1447,Sabtu,05:41,05:51,07:00,13:07,16:21,19:10,20:20
2026-04-19,01-Zkh-1447,Ahad,05:41,05:51,07:00,13:07,16:21,19:10,20:20
2026-04-20,02-Zkh-1447,Isnin,05:40,05:50,07:00,13:07,16:21,19:10,20:20
2026-04-21,03-Zkh-1447,Selasa,05:40,05:50,06:59,13:06,16:21,19:10,20:20
2026-04-22,04-Zkh-1447,Rabu,05:40,05:50,06:59,13:06,16:21,19:10,20:20
2026-04-23,05-Zkh-1447,Khamis,05:39,05:49,06:59,13:06,16:22,19:10,20:20
2026-04-24,06-Zkh-1447,Jumaat,05:39,05:49,06:59,13:06,16:22,19:09,20:20
2026-04-25,07-Zkh-1447,Sabtu,05:39,05:49,06:58,13:06,16:22,19:09,20:20
2026-04-26,08-Zkh-1447,Ahad,05:38,05:48,06:58,13:05,16:22,19:09,20:20
2026-04-27,09-Zkh-1447,Isnin,05:38,05:48,06:58,13:05,16:22,19:09,20:20
2026-04-28,10-Zkh-1447,Selasa,05:38,05:48,06:58,13:05,16:23,19:09,20:20
2026-04-29,11-Zkh-1447,Rabu,05:37,05:47,06:58,13:05,16:23,19:09,20:20
2026-04-30,12-Zkh-1447,Khamis,05:37,05:47,06:57,13:05,16:23,19:09,20:20
2026-05-01,13-Zkh-1447,Jumaat,05:37,05:47,06:57,13:05,16:23,19:09,20:20
2026-05-02,14-Zkh-1447,Sabtu,05:37,05:47,06:57,13:05,16:23,19:09,20:20
2026-05-03,15-Zkh-1447,Ahad,05:36,05:46,06:57,13:04,16:24,19:09,20:20
2026-05-04,16-Zkh-1447,Isnin,05:36,05:46,06:57,13:04,16:24,19:09,20:20
2026-05-05,17-Zkh-1447,Selasa,05:36,05:46,06:57,13:04,16:24,19:09,20:20
2026-05-06,18-Zkh-1447,Rabu,05:36,05:46,06:57,13:04,16:24,19:08,20:20
2026-05-07,19-Zkh-1447,Khamis,05:35,05:45,06:56,13:04,16:24,19:08,20:20
2026-05-08,20-Zkh-1447,Jumaat,05:35,05:45,06:56,13:04,16:25,19:08,20:21
2026-05-09,21-Zkh-1447,Sabtu,05:35,05:45,06:56,13:04,16:25,19:08,20:21
2026-05-10,22-Zkh-1447,Ahad,05:35,05:45,06:56,13:04,16:25,19:08,20:21
2026-05-11,23-Zkh-1447,Isnin,05:35,05:45,06:56,13:04,16:25,19:08,20:21
2026-05-12,24-Zkh-1447,Selasa,05:34,05:44,06:56,13:04,16:25,19:08,20:21
2026-05-13,25-Zkh-1447,Rabu,05:34,05:44,06:56,13:04,16:25,19:08,20:21
2026-05-14,26-Zkh-1447,Khamis,05:34,05:44,06:56,13:04,16:26,19:09,20:21
2026-05-15,27-Zkh-1447,Jumaat,05:34,05:44,06:56,13:04,16:26,19:09,20:21
2026-05-16,28-Zkh-1447,Sabtu,05:34,05:44,06:56,13:04,16:26,19:09,20:22
2026-05-17,29-Zkh-1447,Ahad,05:34,05:44,06:56,13:04,16:26,19:09,20:22
2026-05-18,01-Zhj-1447,Isnin,05:34,05:44,06:56,13:04,16:26,19:09,20:22
2026-05-19,02-Zhj-1447,Selasa,05:34,05:44,06:56,13:04,16:27,19:09,20:22
2026-05-20,03-Zhj-1447,Rabu,05:33,05:43,06:56,13:04,16:27,19:09,20:22
2026-05-21,04-Zhj-1447,Khamis,05:33,05:43,06:56,13:04,16:27,19:09,20:23
2026-05-22,05-Zhj-1447,Jumaat,05:33,05:43,06:56,13:04,16:27,19:09,20:23
2026-05-23,06-Zhj-1447,Sabtu,05:33,05:43,06:56,13:04,16:28,19:09,20:23
2026-05-24,07-Zhj-1447,Ahad,05:33,05:43,06:56,13:04,16:28,19:09,20:23
2026-05-25,08-Zhj-1447,Isnin,05:33,05:43,06:56,13:04,16:28,19:09,20:23
2026-05-26,09-Zhj-1447,Selasa,05:33,05:43,06:56,13:04,16:28,19:10,20:24
2026-05-27,10-Zhj-1447,Rabu,05:33,05:43,06:56,13:04,16:28,19:10,20:24
2026-05-28,11-Zhj-1447,Khamis,05:33,05:43,06:56,13:05,16:29,19:10,20:24
2026-05-29,12-Zhj-1447,Jumaat,05:33,05:43,06:56,13:05,16:29,19:10,20:24
2026-05-30,13-Zhj-1447,Sabtu,05:33,05:43,06:57,13:05,16:29,19:10,20:25
2026-05-31,14-Zhj-1447,Ahad,05:33,05:43,06:57,13:05,16:29,19:10,20:25
2026-06-01,15-Zhj-1447,Isnin,05:33,05:43,06:57,13:05,16:30,19:11,20:25
2026-06-02,16-Zhj-1447,Selasa,05:33,05:43,06:57,13:05,16:30,19:11,20:25
2026-06-03,17-Zhj-1447,Rabu,05:33,05:43,06:57,13:05,16:30,19:11,20:26
2026-06-04,18-Zhj-1447,Khamis,05:33,05:43,06:57,13:06,16:30,19:11,20:26
2026-06-05,19-Zhj-1447,Jumaat,05:34,05:44,06:57,13:06,16:31,19:11,20:26
2026-06-06,20-Zhj-1447,Sabtu,05:34,05:44,06:57,13:06,16:31,19:12,20:26
2026-06-07,21-Zhj-1447,Ahad,05:34,05:44,06:58,13:06,16:31,19:12,20:27
2026-06-08,22-Zhj-1447,Isnin,05:34,05:44,06:58,13:06,16:31,19:12,20:27
2026-06-09,23-Zhj-1447,Selasa,05:34,05:44,06:58,13:06,16:32,19:12,20:27
2026-06-10,24-Zhj-1447,Rabu,05:34,05:44,06:58,13:07,16:32,19:12,20:27
2026-06-11,25-Zhj-1447,Khamis,05:34,05:44,06:58,13:07,16:32,19:13,20:28
2026-06-12,26-Zhj-1447,Jumaat,05:34,05:44,06:59,13:07,16:32,19:13,20:28
2026-06-13,27-Zhj-1447,Sabtu,05:35,05:45,06:59,13:07,16:33,19:13,20:28
2026-06-14,28-Zhj-1447,Ahad,05:35,05:45,06:59,13:07,16:33,19:13,20:28
2026-06-15,29-Zhj-1447,Isnin,05:35,05:45,06:59,13:08,16:33,19:13,20:29
2026-06-16,30-Zhj-1447,Selasa,05:35,05:45,06:59,13:08,16:33,19:14,20:29
2026-06-17,01-Muh-1448,Rabu,05:35,05:45,07:00,13:08,16:34,19:14,20:29
2026-06-18,02-Muh-1448,Khamis,05:35,05:45,07:00,13:08,16:34,19:14,20:29
2026-06-19,03-Muh-1448,Jumaat,05:36,05:46,07:00,13:09,16:34,19:14,20:30
2026-06-20,04-Muh-1448,Sabtu,05:36,05:46,07:00,13:09,16:34,19:15,20:30
2026-06-21,05-Muh-1448,Ahad,05:36,05:46,07:00,13:09,16:34,19:15,20:30
2026-06-22,06-Muh-1448,Isnin,05:36,05:46,07:01,13:09,16:35,19:15,20:30
2026-06-23,07-Muh-1448,Selasa,05:37,05:47,07:01,13:09,16:35,19:15,20:31
2026-06-24,08-Muh-1448,Rabu,05:37,05:47,07:01,13:10,16:35,19:15,20:31
2026-06-25,09-Muh-1448,Khamis,05:37,05:47,07:01,13:10,16:35,19:16,20:31
2026-06-26,10-Muh-1448,Jumaat,05:37,05:47,07:02,13:10,16:36,19:16,20:31
2026-06-27,11-Muh-1448,Sabtu,05:37,05:47,07:02,13:10,16:36,19:16,20:31
2026-06-28,12-Muh-1448,Ahad,05:38,05:48,07:02,13:10,16:36,19:16,20:31
2026-06-29,13-Muh-1448,Isnin,05:38,05:48,07:02,13:11,16:36,19:16,20:32
2026-06-30,14-Muh-1448,Selasa,05:38,05:48,07:02,13:11,16:36,19:17,20:32
2026-07-01,15-Muh-1448,Rabu,05:38,05:48,07:03,13:11,16:36,19:17,20:32
2026-07-02,16-Muh-1448,Khamis,05:39,05:49,07:03,13:11,16:37,19:17,20:32
2026-07-03,17-Muh-1448,Jumaat,05:39,05:49,07:03,13:11,16:37,19:17,20:32
2026-07-04,18-Muh-1448,Sabtu,05:39,05:49,07:03,13:12,16:37,19:17,20:32
2026-07-05,19-Muh-1448,Ahad,05:39,05:49,07:03,13:12,16:37,19:17,20:32
2026-07-06,20-Muh-1448,Isnin,05:40,05:50,07:04,13:12,16:37,19:18,20:32
2026-07-07,21-Muh-1448,Selasa,05:40,05:50,07:04,13:12,16:37,19:18,20:33
2026-07-08,22-Muh-1448,Rabu,05:40,05:50,07:04,13:12,16:37,19:18,20:33
2026-07-09,23-Muh-1448,Khamis,05:40,05:50,07:04,13:12,16:37,19:18,20:33
2026-07-10,24-Muh-1448,Jumaat,05:41,05:51,07:04,13:13,16:37,19:18,20:33
2026-07-11,25-Muh-1448,Sabtu,05:41,05:51,07:04,13:13,16:38,19:18,20:33
2026-07-12,26-Muh-1448,Ahad,05:41,05:51,07:05,13:13,16:38,19:18,20:33
2026-07-13,27-Muh-1448,Isnin,05:41,05:51,07:05,13:13,16:38,19:18,20:33
2026-07-14,28-Muh-1448,Selasa,05:42,05:52,07:05,13:13,16:38,19:19,20:33
2026-07-15,29-Muh-1448,Rabu,05:42,05:52,07:05,13:13,16:38,19:19,20:33
2026-07-16,01-Saf-1448,Khamis,05:42,05:52,07:05,13:13,16:38,19:19,20:33
2026-07-17,02-Saf-1448,Jumaat,05:42,05:52,07:05,13:13,16:38,19:19,20:33
2026-07-18,03-Saf-1448,Sabtu,05:42,05:52,07:05,13:14,16:38,19:19,20:33
2026-07-19,04-Saf-1448,Ahad,05:43,05:53,07:06,13:14,16:38,19:19,20:33
2026-07-20,05-Saf-1448,Isnin,05:43,05:53,07:06,13:14,16:37,19:19,20:33
2026-07-21,06-Saf-1448,Selasa,05:43,05:53,07:06,13:14,16:37,19:19,20:33
2026-07-22,07-Saf-1448,Rabu,05:43,05:53,07:06,13:14,16:37,19:19,20:32
2026-07-23,08-Saf-1448,Khamis,05:43,05:53,07:06,13:14,16:37,19:19,20:32
2026-07-24,09-Saf-1448,Jumaat,05:44,05:54,07:06,13:14,16:37,19:19,20:32
2026-07-25,10-Saf-1448,Sabtu,05:44,05:54,07:06,13:14,16:37,19:19,20:32
2026-07-26,11-Saf-1448,Ahad,05:44,05:54,07:06,13:14,16:37,19:19,20:32
2026-07-27,12-Saf-1448,Isnin,05:44,05:54,07:06,13:14,16:37,19:19,20:32
2026-07-28,13-Saf-1448,Selasa,05:44,05:54,07:06,13:14,16:36,19:19,20:32
2026-07-29,14-Saf-1448,Rabu,05:44,05:54,07:06,13:14,16:36,19:19,20:32
2026-07-30,15-Saf-1448,Khamis,05:44,05:54,07:06,13:14,16:36,19:19,20:31
2026-07-31,16-Saf-1448,Jumaat,05:44,05:54,07:06,13:14,16:36,19:19,20:31
2026-08-01,17-Saf-1448,Sabtu,05:44,05:54,07:06,13:14,16:35,19:18,20:31
2026-08-02,18-Saf-1448,Ahad,05:45,05:55,07:06,13:14,16:35,19:18,20:31
2026-08-03,19-Saf-1448,Isnin,05:45,05:55,07:06,13:14,16:35,19:18,20:30
2026-08-04,20-Saf-1448,Selasa,05:45,05:55,07:06,13:14,16:35,19:18,20:30
2026-08-05,21-Saf-1448,Rabu,05:45,05:55,07:06,13:14,16:34,19:18,20:30
2026-08-06,22-Saf-1448,Khamis,05:45,05:55,07:06,13:13,16:34,19:18,20:30
2026-08-07,23-Saf-1448,Jumaat,05:45,05:55,07:06,13:13,16:33,19:18,20:29
2026-08-08,24-Saf-1448,Sabtu,05:45,05:55,07:06,13:13,16:33,19:17,20:29
2026-08-09,25-Saf-1448,Ahad,05:45,05:55,07:06,13:13,16:33,19:17,20:29
2026-08-10,26-Saf-1448,Isnin,05:45,05:55,07:05,13:13,16:32,19:17,20:29
2026-08-11,27-Saf-1448,Selasa,05:45,05:55,07:05,13:13,16:32,19:17,20:28
2026-08-12,28-Saf-1448,Rabu,05:45,05:55,07:05,13:13,16:31,19:17,20:28
2026-08-13,29-Saf-1448,Khamis,05:45,05:55,07:05,13:13,16:31,19:16,20:28
2026-08-14,01-Raw-1448,Jumaat,05:45,05:55,07:05,13:12,16:30,19:16,20:27
2026-08-15,02-Raw-1448,Sabtu,05:45,05:55,07:05,13:12,16:30,19:16,20:27
2026-08-16,03-Raw-1448,Ahad,05:45,05:55,07:05,13:12,16:29,19:16,20:27
2026-08-17,04-Raw-1448,Isnin,05:45,05:55,07:05,13:12,16:29,19:16,20:26
2026-08-18,05-Raw-1448,Selasa,05:45,05:55,07:04,13:12,16:28,19:15,20:26
2026-08-19,06-Raw-1448,Rabu,05:45,05:55,07:04,13:11,16:28,19:15,20:26
2026-08-20,07-Raw-1448,Khamis,05:44,05:54,07:04,13:11,16:27,19:15,20:25
2026-08-21,08-Raw-1448,Jumaat,05:44,05:54,07:04,13:11,16:26,19:14,20:25
2026-08-22,09-Raw-1448,Sabtu,05:44,05:54,07:04,13:11,16:26,19:14,20:24
2026-08-23,10-Raw-1448,Ahad,05:44,05:54,07:03,13:10,16:25,19:14,20:24
2026-08-24,11-Raw-1448,Isnin,05:44,05:54,07:03,13:10,16:24,19:13,20:24
2026-08-25,12-Raw-1448,Selasa,05:44,05:54,07:03,13:10,16:24,19:13,20:23
2026-08-26,13-Raw-1448,Rabu,05:44,05:54,07:03,13:10,16:23,19:13,20:23
2026-08-27,14-Raw-1448,Khamis,05:44,05:54,07:02,13:09,16:22,19:12,20:22
2026-08-28,15-Raw-1448,Jumaat,05:43,05:53,07:02,13:09,16:21,19:12,20:22
2026-08-29,16-Raw-1448,Sabtu,05:43,05:53,07:02,13:09,16:21,19:12,20:21
2026-08-30,17-Raw-1448,Ahad,05:43,05:53,07:02,13:08,16:20,19:11,20:21
2026-08-31,18-Raw-1448,Isnin,05:43,05:53,07:01,13:08,16:19,19:11,20:21
2026-09-01,19-Raw-1448,Selasa,05:43,05:53,07:01,13:08,16:18,19:11,20:20
2026-09-02,20-Raw-1448,Rabu,05:42,05:52,07:01,13:08,16:17,19:10,20:20
2026-09-03,21-Raw-1448,Khamis,05:42,05:52,07:01,13:07,16:16,19:10,20:19
2026-09-04,22-Raw-1448,Jumaat,05:42,05:52,07:00,13:07,16:15,19:10,20:19
2026-09-05,23-Raw-1448,Sabtu,05:42,05:52,07:00,13:07,16:15,19:09,20:18
2026-09-06,24-Raw-1448,Ahad,05:42,05:52,07:00,13:06,16:14,19:09,20:18
2026-09-07,25-Raw-1448,Isnin,05:41,05:51,06:59,13:06,16:13,19:08,20:18
2026-09-08,26-Raw-1448,Selasa,05:41,05:51,06:59,13:06,16:12,19:08,20:17
2026-09-09,27-Raw-1448,Rabu,05:41,05:51,06:59,13:05,16:11,19:08,20:17
2026-09-10,28-Raw-1448,Khamis,05:41,05:51,06:59,13:05,16:10,19:07,20:16
2026-09-11,29-Raw-1448,Jumaat,05:40,05:50,06:58,13:05,16:09,19:07,20:16
2026-09-12,30-Raw-1448,Sabtu,05:40,05:50,06:58,13:04,16:08,19:06,20:15
2026-09-13,01-Rak-1448,Ahad,05:40,05:50,06:58,13:04,16:07,19:06,20:15
2026-09-14,02-Rak-1448,Isnin,05:40,05:50,06:57,13:03,16:06,19:06,20:14
2026-09-15,03-Rak-1448,Selasa,05:39,05:49,06:57,13:03,16:04,19:05,20:14
2026-09-16,04-Rak-1448,Rabu,05:39,05:49,06:57,13:03,16:03,19:05,20:14
2026-09-17,05-Rak-1448,Khamis,05:39,05:49,06:56,13:02,16:02,19:04,20:13
2026-09-18,06-Rak-1448,Jumaat,05:38,05:48,06:56,13:02,16:01,19:04,20:13
2026-09-19,07-Rak-1448,Sabtu,05:38,05:48,06:56,13:02,16:01,19:04,20:12
2026-09-20,08-Rak-1448,Ahad,05:38,05:48,06:56,13:01,16:01,19:03,20:12
2026-09-21,09-Rak-1448,Isnin,05:38,05:48,06:55,13:01,16:01,19:03,20:12
2026-09-22,10-Rak-1448,Selasa,05:37,05:47,06:55,13:00,16:02,19:02,20:11
2026-09-23,11-Rak-1448,Rabu,05:37,05:47,06:55,13:00,16:02,19:02,20:11
2026-09-24,12-Rak-1448,Khamis,05:37,05:47,06:54,13:00,16:02,19:02,20:10
2026-09-25,13-Rak-1448,Jumaat,05:36,05:46,06:54,12:59,16:03,19:01,20:10
2026-09-26,14-Rak-1448,Sabtu,05:36,05:46,06:54,12:59,16:03,19:01,20:10
2026-09-27,15-Rak-1448,Ahad,05:36,05:46,06:53,12:59,16:03,19:00,20:09
2026-09-28,16-Rak-1448,Isnin,05:35,05:45,06:53,12:58,16:04,19:00,20:09
2026-09-29,17-Rak-1448,Selasa,05:35,05:45,06:53,12:58,16:04,19:00,20:08
2026-09-30,18-Rak-1448,Rabu,05:35,05:45,06:53,12:58,16:04,18:59,20:08
2026-10-01,19-Rak-1448,Khamis,05:34,05:44,06:52,12:57,16:04,18:59,20:08
2026-10-02,20-Rak-1448,Jumaat,05:34,05:44,06:52,12:57,16:05,18:59,20:07
2026-10-03,21-Rak-1448,Sabtu,05:34,05:44,06:52,12:57,16:05,18:58,20:07
2026-10-04,22-Rak-1448,Ahad,05:34,05:44,06:51,12:56,16:05,18:58,20:07
2026-10-05,23-Rak-1448,Isnin,05:33,05:43,06:51,12:56,16:05,18:58,20:06
2026-10-06,24-Rak-1448,Selasa,05:33,05:43,06:51,12:56,16:06,18:57,20:06
2026-10-07,25-Rak-1448,Rabu,05:33,05:43,06:51,12:55,16:06,18:57,20:06
2026-10-08,26-Rak-1448,Khamis,05:32,05:42,06:50,12:55,16:06,18:57,20:06
2026-10-09,27-Rak-1448,Jumaat,05:32,05:42,06:50,12:55,16:06,18:56,20:05
2026-10-10,28-Rak-1448,Sabtu,05:32,05:42,06:50,12:55,16:06,18:56,20:05
2026-10-11,29-Rak-1448,Ahad,05:32,05:42,06:50,12:54,16:07,18:56,20:05
2026-10-12,01-Jaw-1448,Isnin,05:31,05:41,06:50,12:54,16:07,18:55,20:05
2026-10-13,02-Jaw-1448,Selasa,05:31,05:41,06:49,12:54,16:07,18:55,20:04
2026-10-14,03-Jaw-1448,Rabu,05:31,05:41,06:49,12:54,16:07,18:55,20:04
2026-10-15,04-Jaw-1448,Khamis,05:31,05:41,06:49,12:53,16:07,18:54,20:04
2026-10-16,05-Jaw-1448,Jumaat,05:30,05:40,06:49,12:53,16:07,18:54,20:04
2026-10-17,06-Jaw-1448,Sabtu,05:30,05:40,06:49,12:53,16:08,18:54,20:04
2026-10-18,07-Jaw-1448,Ahad,05:30,05:40,06:48,12:53,16:08,18:54,20:03
2026-10-19,08-Jaw-1448,Isnin,05:30,05:40,06:48,12:52,16:08,18:54,20:03
2026-10-20,09-Jaw-1448,Selasa,05:29,05:39,06:48,12:52,16:08,18:53,20:03
2026-10-21,10-Jaw-1448,Rabu,05:29,05:39,06:48,12:52,16:08,18:53,20:03
2026-10-22,11-Jaw-1448,Khamis,05:29,05:39,06:48,12:52,16:09,18:53,20:03
2026-10-23,12-Jaw-1448,Jumaat,05:29,05:39,06:48,12:52,16:09,18:53,20:03
2026-10-24,13-Jaw-1448,Sabtu,05:29,05:39,06:48,12:52,16:09,18:53,20:03
2026-10-25,14-Jaw-1448,Ahad,05:28,05:38,06:48,12:52,16:09,18:52,20:03
2026-10-26,15-Jaw-1448,Isnin,05:28,05:38,06:47,12:51,16:09,18:52,20:03
2026-10-27,16-Jaw-1448,Selasa,05:28,05:38,06:47,12:51,16:09,18:52,20:03
2026-10-28,17-Jaw-1448,Rabu,05:28,05:38,06:47,12:51,16:10,18:52,20:02
2026-10-29,18-Jaw-1448,Khamis,05:28,05:38,06:47,12:51,16:10,18:52,20:02
2026-10-30,19-Jaw-1448,Jumaat,05:28,05:38,06:47,12:51,16:10,18:52,20:02
2026-10-31,20-Jaw-1448,Sabtu,05:27,05:37,06:47,12:51,16:10,18:52,20:03
2026-11-01,21-Jaw-1448,Ahad,05:27,05:37,06:47,12:51,16:10,18:52,20:03
2026-11-02,22-Jaw-1448,Isnin,05:27,05:37,06:47,12:51,16:11,18:52,20:03
2026-11-03,23-Jaw-1448,Selasa,05:27,05:37,06:47,12:51,16:11,18:52,20:03
2026-11-04,24-Jaw-1448,Rabu,05:27,05:37,06:47,12:51,16:11,18:51,20:03
2026-11-05,25-Jaw-1448,Khamis,05:27,05:37,06:47,12:51,16:11,18:51,20:03
2026-11-06,26-Jaw-1448,Jumaat,05:27,05:37,06:47,12:51,16:11,18:51,20:03
2026-11-07,27-Jaw-1448,Sabtu,05:27,05:37,06:48,12:51,16:12,18:51,20:03
2026-11-08,28-Jaw-1448,Ahad,05:27,05:37,06:48,12:51,16:12,18:52,20:03
2026-11-09,29-Jaw-1448,Isnin,05:27,05:37,06:48,12:51,16:12,18:52,20:03
2026-11-10,30-Jaw-1448,Selasa,05:27,05:37,06:48,12:51,16:12,18:52,20:04
2026-11-11,01-Jak-1448,Rabu,05:27,05:37,06:48,12:51,16:13,18:52,20:04
2026-11-12,02-Jak-1448,Khamis,05:27,05:37,06:48,12:52,16:13,18:52,20:04
2026-11-13,03-Jak-1448,Jumaat,05:27,05:37,06:48,12:52,16:13,18:52,20:04
2026-11-14,04-Jak-1448,Sabtu,05:27,05:37,06:48,12:52,16:14,18:52,20:04
2026-11-15,05-Jak-1448,Ahad,05:27,05:37,06:49,12:52,16:14,18:52,20:05
2026-11-16,06-Jak-1448,Isnin,05:27,05:37,06:49,12:52,16:14,18:52,20:05
2026-11-17,07-Jak-1448,Selasa,05:27,05:37,06:49,12:52,16:14,18:52,20:05
2026-11-18,08-Jak-1448,Rabu,05:28,05:38,06:49,12:53,16:15,18:53,20:05
2026-11-19,09-Jak-1448,Khamis,05:28,05:38,06:50,12:53,16:15,18:53,20:06
2026-11-20,10-Jak-1448,Jumaat,05:28,05:38,06:50,12:53,16:15,18:53,20:06
2026-11-21,11-Jak-1448,Sabtu,05:28,05:38,06:50,12:53,16:16,18:53,20:06
2026-11-22,12-Jak-1448,Ahad,05:28,05:38,06:50,12:53,16:16,18:53,20:07
2026-11-23,13-Jak-1448,Isnin,05:28,05:38,06:51,12:54,16:16,18:54,20:07
2026-11-24,14-Jak-1448,Selasa,05:29,05:39,06:51,12:54,16:17,18:54,20:07
2026-11-25,15-Jak-1448,Rabu,05:29,05:39,06:51,12:54,16:17,18:54,20:08
2026-11-26,16-Jak-1448,Khamis,05:29,05:39,06:52,12:55,16:18,18:55,20:08
2026-11-27,17-Jak-1448,Jumaat,05:29,05:39,06:52,12:55,16:18,18:55,20:09
2026-11-28,18-Jak-1448,Sabtu,05:29,05:39,06:52,12:55,16:18,18:55,20:09
2026-11-29,19-Jak-1448,Ahad,05:30,05:40,06:53,12:56,16:19,18:55,20:09
2026-11-30,20-Jak-1448,Isnin,05:30,05:40,06:53,12:56,16:19,18:56,20:10
2026-12-01,21-Jak-1448,Selasa,05:30,05:40,06:53,12:56,16:20,18:56,20:10
2026-12-02,22-Jak-1448,Rabu,05:31,05:41,06:54,12:57,16:20,18:57,20:11
2026-12-03,23-Jak-1448,Khamis,05:31,05:41,06:54,12:57,16:20,18:57,20:11
2026-12-04,24-Jak-1448,Jumaat,05:31,05:41,06:55,12:58,16:21,18:57,20:12
2026-12-05,25-Jak-1448,Sabtu,05:32,05:42,06:55,12:58,16:21,18:58,20:12
2026-12-06,26-Jak-1448,Ahad,05:32,05:42,06:55,12:58,16:22,18:58,20:13
2026-12-07,27-Jak-1448,Isnin,05:32,05:42,06:56,12:59,16:22,18:59,20:13
2026-12-08,28-Jak-1448,Selasa,05:33,05:43,06:56,12:59,16:23,18:59,20:14
2026-12-09,29-Jak-1448,Rabu,05:33,05:43,06:57,13:00,16:23,18:59,20:14
2026-12-10,30-Jak-1448,Khamis,05:34,05:44,06:57,13:00,16:24,19:00,20:15
2026-12-11,01-Rej-1448,Jumaat,05:34,05:44,06:58,13:01,16:24,19:00,20:15
2026-12-12,02-Rej-1448,Sabtu,05:34,05:44,06:58,13:01,16:25,19:01,20:16
2026-12-13,03-Rej-1448,Ahad,05:35,05:45,06:59,13:01,16:25,19:01,20:16
2026-12-14,04-Rej-1448,Isnin,05:35,05:45,06:59,13:02,16:26,19:02,20:17
2026-12-15,05-Rej-1448,Selasa,05:36,05:46,07:00,13:02,16:26,19:02,20:17
2026-12-16,06-Rej-1448,Rabu,05:36,05:46,07:00,13:03,16:27,19:03,20:18
2026-12-17,07-Rej-1448,Khamis,05:37,05:47,07:01,13:03,16:27,19:03,20:18
2026-12-18,08-Rej-1448,Jumaat,05:37,05:47,07:01,13:04,16:28,19:04,20:19
2026-12-19,09-Rej-1448,Sabtu,05:38,05:48,07:02,13:04,16:28,19:04,20:19
2026-12-20,10-Rej-1448,Ahad,05:38,05:48,07:02,13:05,16:29,19:05,20:20
2026-12-21,11-Rej-1448,Isnin,05:39,05:49,07:03,13:05,16:29,19:05,20:20
2026-12-22,12-Rej-1448,Selasa,05:39,05:49,07:03,13:06,16:30,19:06,20:21
2026-12-23,13-Rej-1448,Rabu,05:40,05:50,07:04,13:06,16:30,19:06,20:21
2026-12-24,14-Rej-1448,Khamis,05:40,05:50,07:04,13:07,16:31,19:07,20:22
2026-12-25,15-Rej-1448,Jumaat,05:41,05:51,07:05,13:07,16:31,19:07,20:22
2026-12-26,16-Rej-1448,Sabtu,05:41,05:51,07:05,13:08,16:32,19:08,20:22
2026-12-27,17-Rej-1448,Ahad,05:42,05:52,07:05,13:08,16:32,19:08,20:23
2026-12-28,18-Rej-1448,Isnin,05:42,05:52,07:06,13:09,16:33,19:09,20:23
2026-12-29,19-Rej-1448,Selasa,05:43,05:53,07:06,13:09,16:33,19:09,20:24
2026-12-30,20-Rej-1448,Rabu,05:43,05:53,07:07,13:10,16:34,19:10,20:24
2026-12-31,22-Rej-1448,Khamis,05:44,05:54,07:07,13:10,16:34,19:10,20:25
